<keymap version="1" name="Default copy" parent="Mac OS X 10.5+">
  <action id="ActivateDebugToolWindow" />
  <action id="ActivateFavoritesToolWindow" />
  <action id="ActivateFindToolWindow" />
  <action id="ActivateMessagesToolWindow" />
  <action id="ActivateRunToolWindow" />
  <action id="ActivateStructureToolWindow" />
  <action id="ActivateTODOToolWindow" />
  <action id="ActivateTerminalToolWindow">
    <keyboard-shortcut first-keystroke="meta 2" />
  </action>
  <action id="ActivateVersionControlToolWindow">
    <keyboard-shortcut first-keystroke="meta 3" />
  </action>
  <action id="DatabaseView.PropertiesAction" />
  <action id="Debug" />
  <action id="EditorSelectLine">
    <keyboard-shortcut first-keystroke="meta i" />
  </action>
  <action id="FileChooser.GotoProject" />
  <action id="NextTemplateParameter" />
</keymap>