<code_scheme name="Default" version="173">
  <Objective-C>
    <option name="KEEP_DIRECTIVE_AT_FIRST_COLUMN" value="false" />
    <option name="NAMESPACE_BRACE_PLACEMENT" value="2" />
    <option name="FUNCTION_BRACE_PLACEMENT" value="2" />
    <option name="BLOCK_BRACE_PLACEMENT" value="2" />
    <option name="FUNCTION_NON_TOP_AFTER_RETURN_TYPE_WRAP" value="0" />
    <option name="FUNCTION_TOP_AFTER_RETURN_TYPE_WRAP" value="0" />
    <option name="FUNCTION_PARAMETERS_WRAP" value="0" />
    <option name="FUNCTION_CALL_ARGUMENTS_WRAP" value="0" />
    <option name="SHIFT_OPERATION_WRAP" value="0" />
    <option name="TEMPLATE_DECLARATION_STRUCT_WRAP" value="0" />
    <option name="TEMPLATE_DECLARATION_FUNCTION_WRAP" value="0" />
    <option name="CLASS_CONSTRUCTOR_INIT_LIST_WRAP" value="0" />
    <option name="CLASS_CONSTRUCTOR_INIT_LIST_NEW_LINE_BEFORE_COLON" value="0" />
    <option name="SUPERCLASS_LIST_WRAP" value="0" />
    <option name="SUPERCLASS_LIST_BEFORE_COLON" value="0" />
    <option name="SPACE_BEFORE_INIT_LIST" value="true" />
    <option name="NAMESPACES_NAMING_CONVENTION">
      <value prefix="" style="SNAKE_CASE" suffix="" />
    </option>
    <option name="CLASSES_AND_STRUCTS_NAMING_CONVENTION">
      <value prefix="" style="SNAKE_CASE" suffix="" />
    </option>
    <option name="ENUMS_NAMING_CONVENTION">
      <value prefix="" style="SNAKE_CASE" suffix="" />
    </option>
    <option name="ENUMERATORS_NAMING_CONVENTION">
      <value prefix="" style="SCREAMING_SNAKE_CASE" suffix="" />
    </option>
    <option name="TYPEDEFS_NAMING_CONVENTION">
      <value prefix="" style="SNAKE_CASE" suffix="" />
    </option>
    <option name="UNIONS_NAMING_CONVENTION">
      <value prefix="" style="SNAKE_CASE" suffix="" />
    </option>
    <option name="METHODS_NAMING_CONVENTION">
      <value prefix="" style="SNAKE_CASE" suffix="" />
    </option>
    <option name="FIELDS_NAMING_CONVENTION">
      <value prefix="" style="SNAKE_CASE" suffix="" />
    </option>
    <option name="GLOBAL_FUNCTIONS_NAMING_CONVENTION">
      <value prefix="" style="SNAKE_CASE" suffix="" />
    </option>
    <option name="GLOBAL_VARIABLES_NAMING_CONVENTION">
      <value prefix="" style="SNAKE_CASE" suffix="" />
    </option>
    <option name="PARAMETERS_NAMING_CONVENTION">
      <value prefix="" style="SNAKE_CASE" suffix="" />
    </option>
    <option name="LOCAL_VARIABLES_NAMING_CONVENTION">
      <value prefix="" style="SNAKE_CASE" suffix="" />
    </option>
  </Objective-C>
  <Objective-C-extensions>
    <file>
      <option name="com.jetbrains.cidr.lang.util.OCDeclarationKind" value="Import" />
      <option name="com.jetbrains.cidr.lang.util.OCDeclarationKind" value="Macro" />
      <option name="com.jetbrains.cidr.lang.util.OCDeclarationKind" value="Function" />
      <option name="com.jetbrains.cidr.lang.util.OCDeclarationKind" value="Typedef" />
      <option name="com.jetbrains.cidr.lang.util.OCDeclarationKind" value="Enum" />
      <option name="com.jetbrains.cidr.lang.util.OCDeclarationKind" value="Constant" />
      <option name="com.jetbrains.cidr.lang.util.OCDeclarationKind" value="Global" />
      <option name="com.jetbrains.cidr.lang.util.OCDeclarationKind" value="Struct" />
      <option name="com.jetbrains.cidr.lang.util.OCDeclarationKind" value="FunctionPredecl" />
    </file>
  </Objective-C-extensions>
  <codeStyleSettings language="ObjectiveC">
    <option name="KEEP_LINE_BREAKS" value="false" />
    <option name="KEEP_FIRST_COLUMN_COMMENT" value="false" />
    <option name="KEEP_CONTROL_STATEMENT_IN_ONE_LINE" value="false" />
    <option name="BRACE_STYLE" value="2" />
    <option name="CLASS_BRACE_STYLE" value="2" />
    <option name="ELSE_ON_NEW_LINE" value="true" />
    <option name="BINARY_OPERATION_WRAP" value="0" />
    <option name="TERNARY_OPERATION_WRAP" value="0" />
    <option name="KEEP_SIMPLE_BLOCKS_IN_ONE_LINE" value="false" />
    <option name="KEEP_SIMPLE_METHODS_IN_ONE_LINE" value="false" />
    <option name="ARRAY_INITIALIZER_WRAP" value="0" />
    <option name="ENUM_CONSTANTS_WRAP" value="0" />
    <indentOptions>
      <option name="USE_TAB_CHARACTER" value="true" />
    </indentOptions>
  </codeStyleSettings>
</code_scheme>