<keymap version="1" name="VSCode copy">
  <action id="ActivateFavoritesToolWindow" />
  <action id="ActivateProjectToolWindow">
    <keyboard-shortcut first-keystroke="meta 1" />
  </action>
  <action id="ActivateTerminalToolWindow">
    <keyboard-shortcut first-keystroke="meta 2" />
  </action>
  <action id="ActivateVersionControlToolWindow">
    <keyboard-shortcut first-keystroke="meta 3" />
  </action>
  <action id="DuplicatesForm.SendToLeft" />
  <action id="DuplicatesForm.SendToRight" />
  <action id="EditorToggleCase">
    <keyboard-shortcut first-keystroke="shift meta d" />
  </action>
  <action id="FileChooser.GotoHome" />
  <action id="FileChooser.GotoProject" />
</keymap>