<keymap version="1" name="Default copy" parent="Mac OS X 10.5+">
  <action id="ActivateFavoritesToolWindow" />
  <action id="ActivateFindToolWindow" />
  <action id="ActivateTerminalToolWindow">
    <keyboard-shortcut first-keystroke="meta 2" />
  </action>
  <action id="ActivateVersionControlToolWindow">
    <keyboard-shortcut first-keystroke="meta 3" />
  </action>
  <action id="DuplicatesForm.SendToRight" />
  <action id="FileChooser.GotoModule" />
  <action id="FileChooser.GotoProject" />
</keymap>